TRAIN,gs://XXX/img/IMG_20180517_125028.jpg,4leaf,0.23,0.39,,,0.56,0.63,,
TRAIN,gs://XXX/img/IMG_20180517_125047.jpg,4leaf,0.44,0.47,,,0.54,0.54,,
TRAIN,gs://XXX/img/IMG_20180517_125052.jpg,4leaf,0.37,0.47,,,0.56,0.61,,
TRAIN,gs://XXX/img/IMG_20180518_125004.jpg,4leaf,0.40,0.48,,,0.60,0.59,,
TRAIN,gs://XXX/img/IMG_20180522_125326.jpg,4leaf,0.39,0.42,,,0.53,0.52,,
TRAIN,gs://XXX/img/IMG_20180522_125341.jpg,4leaf,0.40,0.51,,,0.58,0.62,,
TRAIN,gs://XXX/img/IMG_20180522_125348.jpg,4leaf,0.48,0.52,,,0.55,0.56,,
TRAIN,gs://XXX/img/IMG_20180522_125412.jpg,4leaf,0.48,0.51,,,0.58,0.57,,
VALIDATION,gs://XXX/img/IMG_20180522_125422.jpg,4leaf,0.53,0.49,,,0.65,0.55,,
TEST,gs://XXX/img/IMG_20180525_130308.jpg,4leaf,0.41,0.48,,,0.54,0.57,,
TRAIN,gs://XXX/img/IMG_20180528_124805.jpg,4leaf,0.47,0.44,,,0.57,0.50,,
TRAIN,gs://XXX/img/IMG_20180528_124815.jpg,4leaf,0.56,0.31,,,0.65,0.36,,
TRAIN,gs://XXX/img/IMG_20180528_124823.jpg,4leaf,0.39,0.37,,,0.63,0.52,,
TRAIN,gs://XXX/img/IMG_20180528_124832.jpg,4leaf,0.49,0.44,,,0.54,0.47,,
TRAIN,gs://XXX/img/IMG_20180529_124538.jpg,4leaf,0.47,0.39,,,0.57,0.46,,
TRAIN,gs://XXX/img/IMG_20180529_124555.jpg,4leaf,0.34,0.40,,,0.56,0.54,,
VALIDATION,gs://XXX/img/IMG_20180529_124639.jpg,4leaf,0.37,0.38,,,0.47,0.44,,
TRAIN,gs://XXX/img/IMG_20180529_124655.jpg,4leaf,0.37,0.45,,,0.45,0.50,,
TEST,gs://XXX/img/IMG_20180529_124721.jpg,4leaf,0.32,0.39,,,0.61,0.56,,
TRAIN,gs://XXX/img/IMG_20180531_125128.jpg,4leaf,0.28,0.42,,,0.40,0.49,,
TRAIN,gs://XXX/img/IMG_20180531_125133.jpg,4leaf,0.27,0.47,,,0.33,0.51,,
TRAIN,gs://XXX/img/IMG_20180531_125147.jpg,4leaf,0.55,0.40,,,0.62,0.44,,
TRAIN,gs://XXX/img/IMG_20180531_125155.jpg,4leaf,0.32,0.38,,,0.56,0.52,,
TRAIN,gs://XXX/img/IMG_20180531_125218.jpg,4leaf,0.34,0.49,,,0.44,0.55,,
VALIDATION,gs://XXX/img/IMG_20180531_125234.jpg,4leaf,0.35,0.51,,,0.45,0.57,,
TRAIN,gs://XXX/img/IMG_20180531_125245.jpg,4leaf,0.32,0.43,,,0.43,0.48,,
TRAIN,gs://XXX/img/IMG_20180531_125317.jpg,4leaf,0.43,0.48,,,0.53,0.54,,
TEST,gs://XXX/img/IMG_20180531_125357.jpg,4leaf,0.38,0.47,,,0.53,0.55,,
TRAIN,gs://XXX/img/IMG_20180531_125402.jpg,4leaf,0.40,0.52,,,0.51,0.57,,
TRAIN,gs://XXX/img/IMG_20180531_125414.jpg,4leaf,0.31,0.46,,,0.44,0.52,,
TRAIN,gs://XXX/img/IMG_20180531_125428.jpg,4leaf,0.39,0.51,,,0.47,0.55,,
TRAIN,gs://XXX/img/IMG_20180601_124955.jpg,4leaf,0.46,0.40,,,0.56,0.46,,
VALIDATION,gs://XXX/img/IMG_20180601_125008.jpg,4leaf,0.32,0.35,,,0.61,0.51,,
TRAIN,gs://XXX/img/IMG_20180601_125027.jpg,4leaf,0.41,0.48,,,0.49,0.52,,
TRAIN,gs://XXX/img/IMG_20180601_125052.jpg,4leaf,0.42,0.49,,,0.49,0.55,,
TRAIN,gs://XXX/img/IMG_20180601_125108.jpg,4leaf,0.39,0.45,,,0.49,0.52,,
TEST,gs://XXX/img/IMG_20180604_125327.jpg,4leaf,0.59,0.46,,,0.76,0.58,,
TRAIN,gs://XXX/img/IMG_20180604_125421.jpg,4leaf,0.38,0.45,,,0.47,0.51,,
TRAIN,gs://XXX/img/IMG_20180604_125510.jpg,4leaf,0.42,0.40,,,0.55,0.50,,
TRAIN,gs://XXX/img/IMG_20180604_125523.jpg,4leaf,0.39,0.47,,,0.56,0.58,,
VALIDATION,gs://XXX/img/IMG_20180604_130022.jpg,4leaf,0.48,0.46,,,0.58,0.52,,
TRAIN,gs://XXX/img/IMG_20180604_130030.jpg,4leaf,0.45,0.49,,,0.51,0.53,,
TRAIN,gs://XXX/img/IMG_20180604_130047.jpg,4leaf,0.37,0.48,,,0.57,0.59,,
TRAIN,gs://XXX/img/IMG_20180604_130057.jpg,4leaf,0.40,0.44,,,0.57,0.54,,
TRAIN,gs://XXX/img/IMG_20180604_130104.jpg,4leaf,0.52,0.49,,,0.63,0.56,,
TEST,gs://XXX/img/IMG_20180604_130129.jpg,4leaf,0.42,0.42,,,0.51,0.48,,
TRAIN,gs://XXX/img/IMG_20180604_130920.jpg,4leaf,0.51,0.48,,,0.58,0.52,,
TRAIN,gs://XXX/img/IMG_20180604_130936.jpg,4leaf,0.43,0.46,,,0.49,0.50,,
VALIDATION,gs://XXX/img/IMG_20180604_130946.jpg,4leaf,0.49,0.47,,,0.55,0.51,,
TRAIN,gs://XXX/img/IMG_20180604_130956.jpg,4leaf,0.63,0.52,,,0.68,0.55,,
TRAIN,gs://XXX/img/IMG_20180604_131038.jpg,4leaf,0.55,0.35,,,0.61,0.40,,
TRAIN,gs://XXX/img/IMG_20180607_125547.jpg,4leaf,0.43,0.48,,,0.53,0.54,,
TRAIN,gs://XXX/img/IMG_20180607_125553.jpg,4leaf,0.45,0.44,,,0.58,0.53,,
TRAIN,gs://XXX/img/IMG_20180607_125607.jpg,4leaf,0.45,0.39,,,0.55,0.44,,
TEST,gs://XXX/img/IMG_20180607_125627.jpg,4leaf,0.47,0.43,,,0.58,0.50,,
TRAIN,gs://XXX/img/IMG_20180607_125655.jpg,4leaf,0.43,0.47,,,0.51,0.51,,
VALIDATION,gs://XXX/img/IMG_20180608_125146.jpg,4leaf,0.49,0.44,,,0.58,0.50,,
TRAIN,gs://XXX/img/IMG_20180613_124955.jpg,4leaf,0.50,0.42,,,0.64,0.50,,
TRAIN,gs://XXX/img/IMG_20180613_125004.jpg,4leaf,0.49,0.41,,,0.57,0.45,,
TRAIN,gs://XXX/img/IMG_20180613_125021.jpg,4leaf,0.39,0.40,,,0.49,0.46,,
TRAIN,gs://XXX/img/IMG_20180613_125102.jpg,4leaf,0.33,0.56,,,0.42,0.61,,
TRAIN,gs://XXX/img/IMG_20180613_125148.jpg,4leaf,0.42,0.34,,,0.59,0.41,,
TRAIN,gs://XXX/img/IMG_20180613_125225.jpg,4leaf,0.51,0.36,,,0.64,0.43,,
TEST,gs://XXX/img/IMG_20180613_125703.jpg,4leaf,0.45,0.56,,,0.56,0.62,,
VALIDATION,gs://XXX/img/IMG_20180613_125721.jpg,4leaf,0.48,0.51,,,0.54,0.55,,
TRAIN,gs://XXX/img/IMG_20180613_125732.jpg,4leaf,0.35,0.43,,,0.45,0.50,,
TRAIN,gs://XXX/img/IMG_20180613_125743.jpg,4leaf,0.46,0.38,,,0.57,0.44,,
TRAIN,gs://XXX/img/IMG_20180613_130026.jpg,4leaf,0.51,0.53,,,0.61,0.58,,
TRAIN,gs://XXX/img/IMG_20180613_130043.jpg,4leaf,0.51,0.51,,,0.56,0.54,,
TRAIN,gs://XXX/img/IMG_20180613_130112.jpg,4leaf,0.58,0.48,,,0.62,0.51,,
TRAIN,gs://XXX/img/IMG_20180613_130121.jpg,4leaf,0.54,0.45,,,0.60,0.48,,
TRAIN,gs://XXX/img/IMG_20180613_130136.jpg,4leaf,0.35,0.49,,,0.43,0.54,,
VALIDATION,gs://XXX/img/IMG_20180614_125205.jpg,4leaf,0.52,0.48,,,0.60,0.53,,
TRAIN,gs://XXX/img/IMG_20180614_125227.jpg,4leaf,0.43,0.49,,,0.49,0.53,,
TRAIN,gs://XXX/img/IMG_20180614_125241.jpg,4leaf,0.38,0.47,,,0.44,0.51,,
TRAIN,gs://XXX/img/IMG_20180614_125301.jpg,4leaf,0.53,0.48,,,0.64,0.55,,
TRAIN,gs://XXX/img/IMG_20180619_124552.jpg,4leaf,0.40,0.46,,,0.53,0.51,,
TRAIN,gs://XXX/img/IMG_20180619_124627.jpg,4leaf,0.59,0.47,,,0.66,0.52,,
TRAIN,gs://XXX/img/IMG_20180619_124701.jpg,4leaf,0.42,0.50,,,0.50,0.55,,
TRAIN,gs://XXX/img/IMG_20180619_124701.jpg,4leaf,0.40,0.46,,,0.47,0.51,,
VALIDATION,gs://XXX/img/IMG_20180619_124820.jpg,4leaf,0.37,0.39,,,0.51,0.49,,
TEST,gs://XXX/img/IMG_20180619_124820.jpg,4leaf,0.47,0.32,,,0.59,0.40,,
TRAIN,gs://XXX/img/IMG_20180619_124831.jpg,4leaf,0.43,0.45,,,0.49,0.49,,
TRAIN,gs://XXX/img/IMG_20180619_124940.jpg,4leaf,0.43,0.64,,,0.51,0.69,,
TRAIN,gs://XXX/img/IMG_20180619_124940.jpg,4leaf,0.51,0.62,,,0.58,0.65,,
TRAIN,gs://XXX/img/IMG_20180619_125126.jpg,4leaf,0.43,0.45,,,0.49,0.48,,
TRAIN,gs://XXX/img/IMG_20180619_125135.jpg,4leaf,0.29,0.39,,,0.47,0.49,,
TRAIN,gs://XXX/img/IMG_20180619_125153.jpg,4leaf,0.49,0.50,,,0.56,0.55,,
VALIDATION,gs://XXX/img/IMG_20180619_125440.jpg,4leaf,0.38,0.52,,,0.46,0.58,,
TRAIN,gs://XXX/img/IMG_20180619_125501.jpg,4leaf,0.38,0.49,,,0.44,0.52,,
TEST,gs://XXX/img/IMG_20180619_125511.jpg,4leaf,0.44,0.39,,,0.56,0.47,,
TRAIN,gs://XXX/img/IMG_20180619_125519.jpg,4leaf,0.53,0.63,,,0.65,0.70,,
TRAIN,gs://XXX/img/IMG_20180619_130314.jpg,4leaf,0.41,0.45,,,0.49,0.50,,
TRAIN,gs://XXX/img/IMG_20180619_130352.jpg,4leaf,0.52,0.48,,,0.61,0.54,,
TRAIN,gs://XXX/img/IMG_20180619_130401.jpg,4leaf,0.56,0.47,,,0.64,0.52,,
TRAIN,gs://XXX/img/IMG_20180619_130440.jpg,4leaf,0.52,0.43,,,0.63,0.48,,
VALIDATION,gs://XXX/img/IMG_20180619_130440.jpg,4leaf,0.39,0.30,,,0.47,0.35,,
TRAIN,gs://XXX/img/IMG_20180619_130440.jpg,4leaf,0.84,0.48,,,0.92,0.53,,
TRAIN,gs://XXX/img/IMG_20180619_130440.jpg,4leaf,0.23,0.42,,,0.31,0.47,,
TEST,gs://XXX/img/IMG_20180619_130500.jpg,4leaf,0.45,0.47,,,0.52,0.52,,
TRAIN,gs://XXX/img/IMG_20180619_130500.jpg,4leaf,0.50,0.38,,,0.56,0.42,,
TRAIN,gs://XXX/img/IMG_20180619_130500.jpg,4leaf,0.29,0.33,,,0.37,0.37,,
TRAIN,gs://XXX/img/IMG_20180619_130500.jpg,4leaf,0.38,0.17,,,0.44,0.20,,
TRAIN,gs://XXX/img/IMG_20180619_130500.jpg,4leaf,0.10,0.30,,,0.15,0.33,,
VALIDATION,gs://XXX/img/IMG_20180619_130520.jpg,4leaf,0.45,0.45,,,0.53,0.50,,
TRAIN,gs://XXX/img/IMG_20180619_130520.jpg,4leaf,0.21,0.17,,,0.29,0.22,,
TRAIN,gs://XXX/img/IMG_20180619_130520.jpg,4leaf,0.42,0.57,,,0.52,0.63,,
TRAIN,gs://XXX/img/IMG_20180619_130520.jpg,4leaf,0.16,0.41,,,0.26,0.45,,
TEST,gs://XXX/img/IMG_20180619_130535.jpg,4leaf,0.25,0.35,,,0.36,0.41,,
TRAIN,gs://XXX/img/IMG_20180619_130535.jpg,4leaf,0.43,0.50,,,0.56,0.56,,
TRAIN,gs://XXX/img/IMG_20180619_130535.jpg,4leaf,0.78,0.60,,,0.89,0.65,,
TRAIN,gs://XXX/img/IMG_20180619_130535.jpg,4leaf,0.04,0.49,,,0.13,0.55,,
TRAIN,gs://XXX/img/IMG_20180619_130607.jpg,4leaf,0.50,0.52,,,0.58,0.57,,
VALIDATION,gs://XXX/img/IMG_20180619_130607.jpg,4leaf,0.29,0.63,,,0.37,0.68,,
TRAIN,gs://XXX/img/IMG_20180619_130607.jpg,4leaf,0.10,0.75,,,0.18,0.79,,
TRAIN,gs://XXX/img/IMG_20180619_130607.jpg,4leaf,0.42,0.76,,,0.53,0.80,,
TRAIN,gs://XXX/img/IMG_20180619_130623.jpg,4leaf,0.38,0.52,,,0.50,0.59,,
TRAIN,gs://XXX/img/IMG_20180619_130623.jpg,4leaf,0.82,0.55,,,0.99,0.63,,
TEST,gs://XXX/img/IMG_20180619_130623.jpg,4leaf,0.66,0.36,,,0.79,0.44,,
TRAIN,gs://XXX/img/IMG_20180619_130646.jpg,4leaf,0.40,0.56,,,0.52,0.62,,
TRAIN,gs://XXX/img/IMG_20180619_130646.jpg,4leaf,0.62,0.70,,,0.71,0.75,,
VALIDATION,gs://XXX/img/IMG_20180619_130655.jpg,4leaf,0.38,0.46,,,0.52,0.55,,
TRAIN,gs://XXX/img/IMG_20180619_130709.jpg,4leaf,0.41,0.36,,,0.54,0.44,,
TRAIN,gs://XXX/img/IMG_20180621_124925.jpg,4leaf,0.36,0.49,,,0.51,0.55,,
TRAIN,gs://XXX/img/IMG_20180621_124925.jpg,4leaf,0.47,0.66,,,0.59,0.72,,
TRAIN,gs://XXX/img/IMG_20180621_124925.jpg,4leaf,0.56,0.67,,,0.66,0.74,,
TRAIN,gs://XXX/img/IMG_20180621_124925.jpg,4leaf,0.65,0.72,,,0.75,0.77,,
TEST,gs://XXX/img/IMG_20180621_124939.jpg,4leaf,0.36,0.48,,,0.48,0.52,,
TRAIN,gs://XXX/img/IMG_20180621_124939.jpg,4leaf,0.52,0.61,,,0.59,0.66,,
VALIDATION,gs://XXX/img/IMG_20180621_124939.jpg,4leaf,0.59,0.65,,,0.66,0.69,,
TRAIN,gs://XXX/img/IMG_20180621_124949.jpg,4leaf,0.42,0.53,,,0.51,0.58,,
TRAIN,gs://XXX/img/IMG_20180621_125010.jpg,4leaf,0.50,0.71,,,0.58,0.76,,
TRAIN,gs://XXX/img/IMG_20180621_125025.jpg,4leaf,0.53,0.57,,,0.65,0.65,,
TRAIN,gs://XXX/img/IMG_20180621_125025.jpg,4leaf,0.57,0.53,,,0.65,0.60,,
TRAIN,gs://XXX/img/IMG_20180621_125025.jpg,4leaf,0.62,0.48,,,0.73,0.54,,
TRAIN,gs://XXX/img/IMG_20180621_125046.jpg,4leaf,0.32,0.59,,,0.41,0.64,,
TEST,gs://XXX/img/IMG_20180621_125201.jpg,4leaf,0.40,0.52,,,0.47,0.56,,
VALIDATION,gs://XXX/img/IMG_20180621_125209.jpg,4leaf,0.30,0.41,,,0.66,0.61,,
TRAIN,gs://XXX/img/IMG_20180621_125214.jpg,4leaf,0.45,0.48,,,0.58,0.55,,
TRAIN,gs://XXX/img/IMG_20180621_125504.jpg,4leaf,0.45,0.39,,,0.54,0.44,,
TRAIN,gs://XXX/img/IMG_20180621_125512.jpg,4leaf,0.27,0.38,,,0.59,0.56,,
TRAIN,gs://XXX/img/IMG_20180622_125041.jpg,4leaf,0.54,0.49,,,0.62,0.54,,
TRAIN,gs://XXX/img/IMG_20180622_125041.jpg,4leaf,0.51,0.55,,,0.59,0.60,,
TRAIN,gs://XXX/img/IMG_20180622_125102.jpg,4leaf,0.47,0.48,,,0.53,0.52,,
TRAIN,gs://XXX/img/IMG_20180622_125102.jpg,4leaf,0.45,0.52,,,0.50,0.57,,
VALIDATION,gs://XXX/img/IMG_20180622_125126.jpg,4leaf,0.50,0.43,,,0.70,0.55,,
TRAIN,gs://XXX/img/IMG_20180622_125126.jpg,4leaf,0.32,0.43,,,0.53,0.57,,
TRAIN,gs://XXX/img/IMG_20180622_125143.jpg,4leaf,0.17,0.57,,,0.39,0.65,,
TRAIN,gs://XXX/img/IMG_20180622_125143.jpg,4leaf,0.24,0.70,,,0.36,0.83,,
TRAIN,gs://XXX/img/IMG_20180622_125153.jpg,4leaf,0.40,0.47,,,0.53,0.53,,
TRAIN,gs://XXX/img/IMG_20180622_125207.jpg,4leaf,0.23,0.39,,,0.76,0.67,,
TRAIN,gs://XXX/img/IMG_20180622_125244.jpg,4leaf,0.47,0.49,,,0.58,0.55,,
TRAIN,gs://XXX/img/IMG_20180622_125259.jpg,4leaf,0.35,0.63,,,0.48,0.68,,
VALIDATION,gs://XXX/img/IMG_20180622_125259.jpg,4leaf,0.44,0.69,,,0.54,0.74,,
TEST,gs://XXX/img/IMG_20180622_125305.jpg,4leaf,0.28,0.46,,,0.39,0.52,,
TRAIN,gs://XXX/img/IMG_20180622_125305.jpg,4leaf,0.29,0.53,,,0.41,0.59,,
TRAIN,gs://XXX/img/IMG_20180622_125355.jpg,4leaf,0.44,0.50,,,0.53,0.54,,
TRAIN,gs://XXX/img/IMG_20180622_125416.jpg,4leaf,0.47,0.45,,,0.64,0.56,,
TRAIN,gs://XXX/img/IMG_20180622_130514.jpg,4leaf,0.43,0.44,,,0.54,0.50,,
TRAIN,gs://XXX/img/IMG_20180622_130538.jpg,4leaf,0.45,0.41,,,0.61,0.55,,
TRAIN,gs://XXX/img/IMG_20180622_130619.jpg,4leaf,0.37,0.47,,,0.56,0.58,,
VALIDATION,gs://XXX/img/IMG_20180622_130722.jpg,4leaf,0.45,0.36,,,0.53,0.41,,
TRAIN,gs://XXX/img/IMG_20180622_130729.jpg,4leaf,0.41,0.44,,,0.49,0.49,,
TEST,gs://XXX/img/IMG_20180625_124854.jpg,4leaf,0.36,0.30,,,0.63,0.49,,
TRAIN,gs://XXX/img/IMG_20180625_124933.jpg,4leaf,0.29,0.43,,,0.62,0.56,,
TRAIN,gs://XXX/img/IMG_20180625_125115.jpg,4leaf,0.35,0.40,,,0.58,0.53,,
TRAIN,gs://XXX/img/IMG_20180626_124911.jpg,4leaf,0.36,0.47,,,0.52,0.56,,
TRAIN,gs://XXX/img/IMG_20180626_124928.jpg,4leaf,0.25,0.28,,,0.77,0.63,,
TRAIN,gs://XXX/img/IMG_20180626_124948.jpg,4leaf,0.23,0.26,,,0.71,0.60,,
VALIDATION,gs://XXX/img/IMG_20180626_125012.jpg,4leaf,0.21,0.37,,,0.82,0.61,,
TRAIN,gs://XXX/img/IMG_20180626_125016.jpg,4leaf,0.21,0.41,,,0.80,0.64,,
TRAIN,gs://XXX/img/IMG_20180626_125035.jpg,4leaf,0.13,0.37,,,0.73,0.71,,
TEST,gs://XXX/img/IMG_20180626_125056.jpg,4leaf,0.32,0.39,,,0.68,0.64,,
TRAIN,gs://XXX/img/IMG_20180626_125111.jpg,4leaf,0.16,0.41,,,0.52,0.60,,
TRAIN,gs://XXX/img/IMG_20180626_125204.jpg,4leaf,0.42,0.48,,,0.66,0.64,,
TRAIN,gs://XXX/img/IMG_20180626_125213.jpg,4leaf,0.43,0.49,,,0.51,0.56,,
TRAIN,gs://XXX/img/IMG_20180626_125246.jpg,4leaf,0.28,0.31,,,0.90,0.65,,
VALIDATION,gs://XXX/img/IMG_20180626_125319.jpg,4leaf,0.28,0.36,,,0.64,0.57,,
TRAIN,gs://XXX/img/IMG_20180626_125345.jpg,4leaf,0.33,0.40,,,0.76,0.66,,
TRAIN,gs://XXX/img/IMG_20180626_125353.jpg,4leaf,0.15,0.31,,,0.90,0.72,,
TRAIN,gs://XXX/img/IMG_20180626_125406.jpg,4leaf,0.46,0.47,,,0.66,0.57,,
TEST,gs://XXX/img/IMG_20180626_125440.jpg,4leaf,0.41,0.63,,,0.52,0.70,,
TRAIN,gs://XXX/img/IMG_20180626_125455.jpg,4leaf,0.37,0.40,,,0.62,0.53,,
TRAIN,gs://XXX/img/IMG_20180626_125510.jpg,4leaf,0.16,0.36,,,0.64,0.68,,
TRAIN,gs://XXX/img/IMG_20180626_125517.jpg,4leaf,0.38,0.48,,,0.60,0.63,,
VALIDATION,gs://XXX/img/IMG_20180626_125623.jpg,4leaf,0.38,0.41,,,0.88,0.77,,
TRAIN,gs://XXX/img/IMG_20180626_125633.jpg,4leaf,0.44,0.54,,,0.64,0.68,,
TRAIN,gs://XXX/img/IMG_20180626_125647.jpg,4leaf,0.41,0.40,,,0.61,0.51,,
TRAIN,gs://XXX/img/IMG_20180626_125656.jpg,4leaf,0.53,0.43,,,0.72,0.55,,
TRAIN,gs://XXX/img/IMG_20180626_125709.jpg,4leaf,0.41,0.38,,,0.81,0.63,,
TEST,gs://XXX/img/IMG_20180626_125716.jpg,4leaf,0.33,0.30,,,0.76,0.57,,
TRAIN,gs://XXX/img/IMG_20180627_125002.jpg,4leaf,0.40,0.47,,,0.58,0.58,,
TRAIN,gs://XXX/img/IMG_20180627_125023.jpg,4leaf,0.29,0.56,,,0.45,0.64,,
VALIDATION,gs://XXX/img/IMG_20180627_125117.jpg,4leaf,0.35,0.50,,,0.68,0.68,,
TRAIN,gs://XXX/img/IMG_20180627_125221.jpg,4leaf,0.32,0.46,,,0.53,0.59,,
TRAIN,gs://XXX/img/IMG_20180628_125011.jpg,4leaf,0.37,0.37,,,0.62,0.48,,
TRAIN,gs://XXX/img/IMG_20180628_125031.jpg,4leaf,0.36,0.32,,,0.58,0.47,,
TRAIN,gs://XXX/img/IMG_20180628_125117.jpg,4leaf,0.14,0.31,,,0.89,0.78,,
TRAIN,gs://XXX/img/IMG_20180628_125124.jpg,4leaf,0.41,0.43,,,0.64,0.58,,
TEST,gs://XXX/img/IMG_20180628_125143.jpg,4leaf,0.53,0.37,,,0.63,0.44,,
TRAIN,gs://XXX/img/IMG_20180628_125203.jpg,4leaf,0.34,0.45,,,0.53,0.58,,
VALIDATION,gs://XXX/img/IMG_20180628_125218.jpg,4leaf,0.21,0.37,,,0.87,0.72,,
TRAIN,gs://XXX/img/IMG_20180628_125230.jpg,4leaf,0.40,0.38,,,0.83,0.56,,
TRAIN,gs://XXX/img/IMG_20180628_125230.jpg,4leaf,0.14,0.62,,,0.44,0.78,,
TRAIN,gs://XXX/img/IMG_20180628_125230.jpg,4leaf,0.47,0.56,,,0.80,0.77,,
TRAIN,gs://XXX/img/IMG_20180628_125247.jpg,4leaf,0.29,0.30,,,0.66,0.48,,
TRAIN,gs://XXX/img/IMG_20180628_125247.jpg,4leaf,0.06,0.55,,,0.34,0.70,,
TRAIN,gs://XXX/img/IMG_20180628_125247.jpg,4leaf,0.36,0.47,,,0.67,0.64,,
TEST,gs://XXX/img/IMG_20180628_125254.jpg,4leaf,0.23,0.26,,,0.88,0.57,,
VALIDATION,gs://XXX/img/IMG_20180628_125254.jpg,4leaf,0.36,0.55,,,0.90,0.90,,
TRAIN,gs://XXX/img/IMG_20180628_125254.jpg,4leaf,0.00,0.67,,,0.28,0.92,,
TRAIN,gs://XXX/img/IMG_20180628_125307.jpg,4leaf,0.21,0.10,,,0.86,0.43,,
TRAIN,gs://XXX/img/IMG_20180628_125307.jpg,4leaf,0.34,0.43,,,0.86,0.73,,
TRAIN,gs://XXX/img/IMG_20180628_125307.jpg,4leaf,0.00,0.55,,,0.32,0.79,,
TRAIN,gs://XXX/img/IMG_20180628_125312.jpg,4leaf,0.09,0.34,,,0.84,0.74,,
TRAIN,gs://XXX/img/IMG_20180628_125326.jpg,4leaf,0.06,0.29,,,0.77,0.74,,
TRAIN,gs://XXX/img/IMG_20180628_125335.jpg,4leaf,0.34,0.43,,,0.54,0.54,,
VALIDATION,gs://XXX/img/IMG_20180628_125335.jpg,4leaf,0.00,0.33,,,0.21,0.45,,
TRAIN,gs://XXX/img/IMG_20180628_125350.jpg,4leaf,0.17,0.43,,,0.75,0.78,,
TRAIN,gs://XXX/img/IMG_20180628_125354.jpg,4leaf,0.07,0.39,,,0.68,0.74,,
TRAIN,gs://XXX/img/IMG_20180628_125400.jpg,4leaf,0.32,0.41,,,0.52,0.53,,
TRAIN,gs://XXX/img/IMG_20180628_125400.jpg,4leaf,0.64,0.51,,,0.84,0.63,,
TRAIN,gs://XXX/img/IMG_20180628_125400.jpg,4leaf,0.35,0.71,,,0.49,0.82,,
TRAIN,gs://XXX/img/IMG_20180628_125507.jpg,4leaf,0.29,0.35,,,0.68,0.58,,
TRAIN,gs://XXX/img/IMG_20180629_124555.jpg,4leaf,0.32,0.36,,,0.92,0.79,,
VALIDATION,gs://XXX/img/IMG_20180629_124603.jpg,4leaf,0.38,0.61,,,0.59,0.75,,
TEST,gs://XXX/img/IMG_20180629_124609.jpg,4leaf,0.35,0.49,,,0.69,0.62,,
TRAIN,gs://XXX/img/IMG_20180629_124625.jpg,4leaf,0.23,0.45,,,0.79,0.68,,
TRAIN,gs://XXX/img/IMG_20180629_124724.jpg,4leaf,0.21,0.33,,,0.66,0.58,,
TRAIN,gs://XXX/img/IMG_20180629_124738.jpg,4leaf,0.40,0.50,,,0.63,0.62,,
TRAIN,gs://XXX/img/IMG_20180629_124805.jpg,4leaf,0.19,0.32,,,0.72,0.68,,
TRAIN,gs://XXX/img/IMG_20180629_124832.jpg,4leaf,0.25,0.33,,,0.80,0.61,,
TRAIN,gs://XXX/img/IMG_20180629_124849.jpg,4leaf,0.14,0.26,,,0.90,0.57,,
VALIDATION,gs://XXX/img/IMG_20180629_124915.jpg,4leaf,0.37,0.29,,,0.97,0.75,,
TRAIN,gs://XXX/img/IMG_20180629_124926.jpg,4leaf,0.26,0.36,,,0.72,0.63,,
TEST,gs://XXX/img/IMG_20180629_124948.jpg,4leaf,0.32,0.27,,,0.77,0.49,,
TRAIN,gs://XXX/img/IMG_20180629_125012.jpg,4leaf,0.27,0.48,,,0.56,0.68,,
TRAIN,gs://XXX/img/IMG_20180801_124802.jpg,4leaf,0.26,0.25,,,0.73,0.55,,
TRAIN,gs://XXX/img/IMG_20180801_124802.jpg,4leaf,0.00,0.56,,,0.41,0.85,,
TRAIN,gs://XXX/img/IMG_20180801_124808.jpg,4leaf,0.23,0.41,,,0.69,0.68,,
TRAIN,gs://XXX/img/IMG_20180801_124811.jpg,4leaf,0.19,0.41,,,0.65,0.69,,
VALIDATION,gs://XXX/img/IMG_20180801_124821.jpg,4leaf,0.38,0.37,,,0.69,0.60,,
TRAIN,gs://XXX/img/IMG_20180801_124830.jpg,4leaf,0.17,0.37,,,0.79,0.71,,
TRAIN,gs://XXX/img/IMG_20180801_124839.jpg,4leaf,0.10,0.45,,,0.62,0.78,,
TEST,gs://XXX/img/IMG_20180801_124850.jpg,4leaf,0.27,0.52,,,0.51,0.68,,
TRAIN,gs://XXX/img/IMG_20180801_124902.jpg,4leaf,0.34,0.53,,,0.64,0.75,,
TRAIN,gs://XXX/img/IMG_20180801_124953.jpg,4leaf,0.44,0.37,,,0.85,0.69,,
TRAIN,gs://XXX/img/IMG_20180801_124953.jpg,4leaf,0.06,0.27,,,0.53,0.63,,
TRAIN,gs://XXX/img/IMG_20180801_125007.jpg,4leaf,0.47,0.32,,,0.72,0.53,,
VALIDATION,gs://XXX/img/IMG_20180820_125226.jpg,4leaf,0.13,0.23,,,0.81,0.64,,
TRAIN,gs://XXX/img/IMG_20180820_125255.jpg,4leaf,0.21,0.34,,,0.72,0.66,,
TRAIN,gs://XXX/img/IMG_20180820_125304.jpg,4leaf,0.45,0.40,,,0.67,0.53,,
TRAIN,gs://XXX/img/IMG_20180820_125304.jpg,4leaf,0.25,0.59,,,0.38,0.68,,
TEST,gs://XXX/img/IMG_20190509_130743.jpg,4leaf,0.40,0.45,,,0.62,0.56,,
TRAIN,gs://XXX/img/IMG_20190509_130752.jpg,4leaf,0.39,0.42,,,0.54,0.52,,
TRAIN,gs://XXX/img/IMG_20190509_130803.jpg,4leaf,0.47,0.49,,,0.61,0.68,,
TRAIN,gs://XXX/img/IMG_20190509_130829.jpg,4leaf,0.47,0.43,,,0.75,0.58,,
VALIDATION,gs://XXX/img/IMG_20190509_130845.jpg,4leaf,0.46,0.34,,,0.53,0.46,,
TRAIN,gs://XXX/img/IMG_20190513_130947.jpg,4leaf,0.42,0.44,,,0.60,0.57,,
TRAIN,gs://XXX/img/IMG_20190513_131008.jpg,4leaf,0.13,0.28,,,0.77,0.71,,
TRAIN,gs://XXX/img/IMG_20190513_131019.jpg,4leaf,0.30,0.43,,,0.71,0.64,,
TRAIN,gs://XXX/img/IMG_20190513_131029.jpg,4leaf,0.34,0.38,,,0.66,0.60,,
TEST,gs://XXX/img/IMG_20190513_131038.jpg,4leaf,0.25,0.47,,,0.59,0.61,,
TRAIN,gs://XXX/img/IMG_20190513_131050.jpg,4leaf,0.37,0.44,,,0.58,0.53,,
TRAIN,gs://XXX/img/IMG_20190513_131116.jpg,4leaf,0.23,0.40,,,0.64,0.64,,
VALIDATION,gs://XXX/img/IMG_20190513_131129.jpg,4leaf,0.45,0.45,,,0.73,0.64,,
TRAIN,gs://XXX/img/IMG_20190513_131147.jpg,4leaf,0.40,0.49,,,0.57,0.81,,
TRAIN,gs://XXX/img/IMG_20190513_131203.jpg,4leaf,0.41,0.35,,,0.63,0.71,,
TRAIN,gs://XXX/img/IMG_20190513_131214.jpg,4leaf,0.43,0.51,,,0.55,0.72,,
TRAIN,gs://XXX/img/IMG_20190513_131237.jpg,4leaf,0.44,0.34,,,0.60,0.64,,
TRAIN,gs://XXX/img/IMG_20190513_131245.jpg,4leaf,0.36,0.39,,,0.53,0.68,,
TEST,gs://XXX/img/IMG_20190513_131305.jpg,4leaf,0.41,0.43,,,0.67,0.60,,
TRAIN,gs://XXX/img/IMG_20190513_131328.jpg,4leaf,0.36,0.41,,,0.55,0.68,,
VALIDATION,gs://XXX/img/IMG_20190513_131346.jpg,4leaf,0.40,0.42,,,0.58,0.71,,
TRAIN,gs://XXX/img/IMG_20190515_130620.jpg,4leaf,0.39,0.40,,,0.58,0.52,,
TRAIN,gs://XXX/img/IMG_20190515_130642.jpg,4leaf,0.29,0.40,,,0.67,0.60,,
TRAIN,gs://XXX/img/IMG_20190515_130649.jpg,4leaf,0.34,0.45,,,0.60,0.58,,
TRAIN,gs://XXX/img/IMG_20190515_130715.jpg,4leaf,0.36,0.51,,,0.67,0.69,,
TRAIN,gs://XXX/img/IMG_20190515_130731.jpg,4leaf,0.29,0.35,,,0.62,0.58,,
TRAIN,gs://XXX/img/IMG_20190515_130833.jpg,4leaf,0.39,0.36,,,0.64,0.49,,
TEST,gs://XXX/img/IMG_20190515_130839.jpg,4leaf,0.43,0.43,,,0.63,0.54,,
VALIDATION,gs://XXX/img/IMG_20190515_130855.jpg,4leaf,0.39,0.39,,,0.60,0.54,,
TRAIN,gs://XXX/img/IMG_20190515_130912.jpg,4leaf,0.46,0.46,,,0.65,0.56,,
TRAIN,gs://XXX/img/IMG_20190515_130925.jpg,4leaf,0.33,0.31,,,0.65,0.50,,
TRAIN,gs://XXX/img/IMG_20190517_130936.jpg,4leaf,0.32,0.38,,,0.59,0.50,,
TRAIN,gs://XXX/img/IMG_20190517_131013.jpg,4leaf,0.45,0.40,,,0.58,0.67,,
TRAIN,gs://XXX/img/IMG_20190517_131040.jpg,4leaf,0.36,0.45,,,0.51,0.55,,
TRAIN,gs://XXX/img/IMG_20190517_131138.jpg,4leaf,0.43,0.45,,,0.54,0.67,,
TRAIN,gs://XXX/img/IMG_20190517_131149.jpg,4leaf,0.46,0.52,,,0.64,0.83,,
VALIDATION,gs://XXX/img/IMG_20190517_131203.jpg,4leaf,0.48,0.46,,,0.61,0.67,,
TRAIN,gs://XXX/img/IMG_20190517_131229.jpg,4leaf,0.52,0.18,,,0.64,0.33,,
TRAIN,gs://XXX/img/IMG_20190517_131246.jpg,4leaf,0.36,0.49,,,0.58,0.62,,
TRAIN,gs://XXX/img/IMG_20190520_131539.jpg,4leaf,0.41,0.35,,,0.59,0.63,,
TRAIN,gs://XXX/img/IMG_20190520_131555.jpg,4leaf,0.36,0.41,,,0.71,0.62,,
TRAIN,gs://XXX/img/IMG_20190520_131650.jpg,4leaf,0.33,0.44,,,0.57,0.57,,
TRAIN,gs://XXX/img/IMG_20190520_131859.jpg,4leaf,0.34,0.35,,,0.53,0.66,,
TRAIN,gs://XXX/img/IMG_20190520_131925.jpg,4leaf,0.44,0.41,,,0.59,0.66,,
VALIDATION,gs://XXX/img/IMG_20190520_132120.jpg,4leaf,0.40,0.32,,,0.55,0.58,,
TEST,gs://XXX/img/IMG_20190522_131243.jpg,4leaf,0.42,0.48,,,0.67,0.60,,
TRAIN,gs://XXX/img/IMG_20190522_131307.jpg,4leaf,0.33,0.36,,,0.63,0.58,,
TRAIN,gs://XXX/img/IMG_20190522_131441.jpg,4leaf,0.36,0.30,,,0.60,0.77,,
TRAIN,gs://XXX/img/IMG_20190522_131501.jpg,4leaf,0.42,0.39,,,0.63,0.61,,
TRAIN,gs://XXX/img/IMG_20190522_131657.jpg,4leaf,0.36,0.44,,,0.56,0.57,,
TRAIN,gs://XXX/img/IMG_20190522_131721.jpg,4leaf,0.35,0.31,,,0.47,0.56,,
TRAIN,gs://XXX/img/IMG_20190523_131420.jpg,4leaf,0.40,0.32,,,0.58,0.69,,
VALIDATION,gs://XXX/img/IMG_20190523_131426.jpg,4leaf,0.38,0.35,,,0.54,0.62,,
TRAIN,gs://XXX/img/IMG_20190523_131521.jpg,4leaf,0.35,0.23,,,0.65,0.77,,
TEST,gs://XXX/img/IMG_20190523_131603.jpg,4leaf,0.48,0.32,,,0.68,0.43,,
TRAIN,gs://XXX/img/IMG_20190523_131703.jpg,4leaf,0.35,0.49,,,0.60,0.88,,
TRAIN,gs://XXX/img/IMG_20190523_131703.jpg,4leaf,0.48,0.36,,,0.64,0.60,,
TRAIN,gs://XXX/img/IMG_20190523_131718.jpg,4leaf,0.37,0.42,,,0.55,0.53,,
TRAIN,gs://XXX/img/IMG_20190523_131733.jpg,4leaf,0.38,0.39,,,0.67,0.56,,
TRAIN,gs://XXX/img/IMG_20190523_131752.jpg,4leaf,0.25,0.40,,,0.58,0.63,,
VALIDATION,gs://XXX/img/IMG_20190523_131841.jpg,4leaf,0.41,0.36,,,0.72,0.55,,
TRAIN,gs://XXX/img/IMG_20190524_131003.jpg,4leaf,0.36,0.42,,,0.64,0.60,,
TRAIN,gs://XXX/img/IMG_20190524_131030.jpg,4leaf,0.43,0.43,,,0.52,0.58,,
TEST,gs://XXX/img/IMG_20190524_131104.jpg,4leaf,0.40,0.35,,,0.57,0.69,,
TRAIN,gs://XXX/img/IMG_20190524_131114.jpg,4leaf,0.40,0.38,,,0.56,0.60,,
TRAIN,gs://XXX/img/IMG_20190524_131305.jpg,4leaf,0.36,0.44,,,0.61,0.63,,
TRAIN,gs://XXX/img/IMG_20190524_131356.jpg,4leaf,0.28,0.45,,,0.54,0.63,,
TRAIN,gs://XXX/img/IMG_20190531_130326.jpg,4leaf,0.40,0.43,,,0.56,0.53,,
VALIDATION,gs://XXX/img/IMG_20190531_130859.jpg,4leaf,0.44,0.34,,,0.57,0.59,,
TRAIN,gs://XXX/img/IMG_20190603_130611.jpg,4leaf,0.46,0.44,,,0.62,0.54,,
TRAIN,gs://XXX/img/IMG_20190603_130629.jpg,4leaf,0.35,0.39,,,0.61,0.57,,
TRAIN,gs://XXX/img/IMG_20190603_130656.jpg,4leaf,0.64,0.38,,,0.75,0.55,,
TEST,gs://XXX/img/IMG_20190604_130734.jpg,4leaf,0.44,0.56,,,0.53,0.74,,
TRAIN,gs://XXX/img/IMG_20190604_130814.jpg,4leaf,0.46,0.30,,,0.60,0.56,,
TRAIN,gs://XXX/img/IMG_20190604_131313.jpg,4leaf,0.52,0.43,,,0.63,0.57,,
TRAIN,gs://XXX/img/IMG_20190604_131330.jpg,4leaf,0.45,0.53,,,0.62,0.60,,
VALIDATION,gs://XXX/img/IMG_20190604_131437.jpg,4leaf,0.48,0.32,,,0.64,0.43,,
TRAIN,gs://XXX/img/IMG_20190605_130622.jpg,4leaf,0.36,0.40,,,0.47,0.58,,
TRAIN,gs://XXX/img/IMG_20190605_131405.jpg,4leaf,0.38,0.51,,,0.47,0.68,,
TRAIN,gs://XXX/img/IMG_20190606_130542.jpg,4leaf,0.67,0.42,,,0.76,0.56,,
TRAIN,gs://XXX/img/IMG_20190606_130609.jpg,4leaf,0.44,0.27,,,0.54,0.47,,
TEST,gs://XXX/img/IMG_20190606_130634.jpg,4leaf,0.52,0.29,,,0.62,0.35,,
TRAIN,gs://XXX/img/IMG_20190606_130656.jpg,4leaf,0.53,0.27,,,0.61,0.32,,
TRAIN,gs://XXX/img/IMG_20190606_130656.jpg,4leaf,0.35,0.55,,,0.45,0.62,,
VALIDATION,gs://XXX/img/IMG_20190606_130748.jpg,4leaf,0.66,0.18,,,0.78,0.38,,
TRAIN,gs://XXX/img/IMG_20190611_130226.jpg,4leaf,0.42,0.42,,,0.51,0.48,,
TRAIN,gs://XXX/img/IMG_20190611_130236.jpg,4leaf,0.45,0.48,,,0.57,0.56,,
TRAIN,gs://XXX/img/IMG_20190611_130259.jpg,4leaf,0.36,0.49,,,0.52,0.57,,
TRAIN,gs://XXX/img/IMG_20190611_130259.jpg,4leaf,0.56,0.30,,,0.71,0.39,,
TRAIN,gs://XXX/img/IMG_20190611_130316.jpg,4leaf,0.13,0.21,,,0.45,0.38,,
TEST,gs://XXX/img/IMG_20190611_130316.jpg,4leaf,0.56,0.57,,,0.85,0.77,,
TRAIN,gs://XXX/img/IMG_20190611_130431.jpg,4leaf,0.53,0.47,,,0.67,0.53,,
VALIDATION,gs://XXX/img/IMG_20190611_130457.jpg,4leaf,0.47,0.27,,,0.53,0.42,,
TRAIN,gs://XXX/img/IMG_20190611_130503.jpg,4leaf,0.46,0.16,,,0.58,0.43,,
TRAIN,gs://XXX/img/IMG_20190611_130512.jpg,4leaf,0.48,0.36,,,0.58,0.51,,
TRAIN,gs://XXX/img/IMG_20190611_131153.jpg,4leaf,0.57,0.44,,,0.66,0.57,,
TRAIN,gs://XXX/img/IMG_20190611_131202.jpg,4leaf,0.21,0.28,,,0.51,0.49,,
TRAIN,gs://XXX/img/IMG_20190612_131007.jpg,4leaf,0.41,0.43,,,0.51,0.49,,
TRAIN,gs://XXX/img/IMG_20190612_131007.jpg,4leaf,0.53,0.40,,,0.65,0.47,,
TEST,gs://XXX/img/IMG_20190612_131007.jpg,4leaf,0.53,0.57,,,0.63,0.63,,
VALIDATION,gs://XXX/img/IMG_20190612_131013.jpg,4leaf,0.27,0.28,,,0.48,0.43,,
TRAIN,gs://XXX/img/IMG_20190612_131013.jpg,4leaf,0.53,0.27,,,0.76,0.40,,
TRAIN,gs://XXX/img/IMG_20190612_131013.jpg,4leaf,0.48,0.62,,,0.66,0.73,,
TRAIN,gs://XXX/img/IMG_20190612_131042.jpg,4leaf,0.22,0.29,,,0.33,0.43,,
TRAIN,gs://XXX/img/IMG_20190612_131042.jpg,4leaf,0.72,0.40,,,0.80,0.58,,
TRAIN,gs://XXX/img/IMG_20190612_131059.jpg,4leaf,0.36,0.39,,,0.51,0.62,,
TRAIN,gs://XXX/img/IMG_20190612_131124.jpg,4leaf,0.48,0.25,,,0.59,0.45,,
TRAIN,gs://XXX/img/IMG_20190612_131124.jpg,4leaf,0.33,0.19,,,0.42,0.37,,
VALIDATION,gs://XXX/img/IMG_20190612_131124.jpg,4leaf,0.33,0.70,,,0.42,0.86,,
TRAIN,gs://XXX/img/IMG_20190612_131245.jpg,4leaf,0.31,0.66,,,0.56,0.81,,
TRAIN,gs://XXX/img/IMG_20190614_130939.jpg,4leaf,0.29,0.41,,,0.36,0.52,,
TRAIN,gs://XXX/img/IMG_20190614_131003.jpg,4leaf,0.45,0.56,,,0.60,0.64,,
TRAIN,gs://XXX/img/IMG_20190614_131028.jpg,4leaf,0.38,0.40,,,0.49,0.46,,
TRAIN,gs://XXX/img/IMG_20190614_131050.jpg,4leaf,0.39,0.38,,,0.55,0.47,,
TRAIN,gs://XXX/img/IMG_20190614_131230.jpg,4leaf,0.45,0.37,,,0.55,0.51,,
TRAIN,gs://XXX/img/IMG_20190618_131434.jpg,4leaf,0.43,0.31,,,0.59,0.42,,
VALIDATION,gs://XXX/img/IMG_20190703_130144.jpg,4leaf,0.40,0.47,,,0.56,0.56,,
TEST,gs://XXX/img/IMG_20190703_130201.jpg,4leaf,0.36,0.40,,,0.58,0.53,,
TRAIN,gs://XXX/img/IMG_20190703_130310.jpg,4leaf,0.39,0.52,,,0.59,0.63,,
TRAIN,gs://XXX/img/IMG_20190703_130320.jpg,4leaf,0.32,0.45,,,0.53,0.57,,
TRAIN,gs://XXX/img/IMG_20190703_131001.jpg,4leaf,0.42,0.48,,,0.55,0.56,,
TRAIN,gs://XXX/img/IMG_20190703_131006.jpg,4leaf,0.41,0.50,,,0.54,0.59,,
TRAIN,gs://XXX/img/IMG_20190703_131037.jpg,4leaf,0.41,0.45,,,0.54,0.54,,
TRAIN,gs://XXX/img/IMG_20190703_131037.jpg,4leaf,0.51,0.41,,,0.65,0.49,,
VALIDATION,gs://XXX/img/IMG_20190703_131101.jpg,4leaf,0.32,0.40,,,0.54,0.50,,
TRAIN,gs://XXX/img/IMG_20190703_131109.jpg,4leaf,0.29,0.47,,,0.45,0.58,,
TEST,gs://XXX/img/IMG_20190703_131122.jpg,4leaf,0.42,0.47,,,0.64,0.60,,
TRAIN,gs://XXX/img/IMG_20190703_131122.jpg,4leaf,0.23,0.01,,,0.42,0.13,,
TRAIN,gs://XXX/img/IMG_20190703_131146.jpg,4leaf,0.46,0.43,,,0.59,0.64,,
TRAIN,gs://XXX/img/IMG_20190703_131207.jpg,4leaf,0.41,0.32,,,0.54,0.52,,
TRAIN,gs://XXX/img/IMG_20190705_131038.jpg,4leaf,0.46,0.47,,,0.63,0.58,,
TRAIN,gs://XXX/img/IMG_20190705_131107.jpg,4leaf,0.39,0.46,,,0.54,0.57,,
VALIDATION,gs://XXX/img/IMG_20190705_131618.jpg,4leaf,0.43,0.53,,,0.58,0.61,,
TRAIN,gs://XXX/img/IMG_20190705_131642.jpg,4leaf,0.46,0.52,,,0.57,0.58,,
TRAIN,gs://XXX/img/IMG_20190705_131642.jpg,4leaf,0.51,0.41,,,0.63,0.49,,
TEST,gs://XXX/img/IMG_20190705_131705.jpg,4leaf,0.27,0.51,,,0.41,0.60,,
TRAIN,gs://XXX/img/IMG_20190705_131705.jpg,4leaf,0.45,0.14,,,0.61,0.23,,
TRAIN,gs://XXX/img/IMG_20190705_131705.jpg,4leaf,0.64,0.61,,,0.74,0.67,,
TRAIN,gs://XXX/img/IMG_20190705_131720.jpg,4leaf,0.26,0.65,,,0.36,0.71,,
TRAIN,gs://XXX/img/IMG_20190705_131720.jpg,4leaf,0.41,0.40,,,0.53,0.46,,
VALIDATION,gs://XXX/img/IMG_20190705_131720.jpg,4leaf,0.53,0.73,,,0.60,0.78,,
TRAIN,gs://XXX/img/IMG_20190705_131753.jpg,4leaf,0.47,0.58,,,0.54,0.72,,
TRAIN,gs://XXX/img/IMG_20190705_131806.jpg,4leaf,0.47,0.27,,,0.57,0.42,,
TRAIN,gs://XXX/img/IMG_20190705_131806.jpg,4leaf,0.72,0.48,,,0.78,0.59,,
TEST,gs://XXX/img/IMG_20190705_131813.jpg,4leaf,0.43,0.66,,,0.51,0.80,,
TRAIN,gs://XXX/img/IMG_20190705_131813.jpg,4leaf,0.64,0.82,,,0.69,0.92,,
TRAIN,gs://XXX/img/IMG_20190705_131813.jpg,4leaf,0.54,0.11,,,0.62,0.23,,
TRAIN,gs://XXX/img/IMG_20190705_131833.jpg,4leaf,0.28,0.29,,,0.37,0.43,,
VALIDATION,gs://XXX/img/IMG_20190705_131833.jpg,4leaf,0.64,0.56,,,0.71,0.68,,
TRAIN,gs://XXX/img/IMG_20190705_131905.jpg,4leaf,0.47,0.38,,,0.59,0.56,,
TRAIN,gs://XXX/img/IMG_20190705_131905.jpg,4leaf,0.68,0.72,,,0.75,0.84,,
TRAIN,gs://XXX/img/IMG_20190705_131913.jpg,4leaf,0.67,0.49,,,0.76,0.63,,
TRAIN,gs://XXX/img/IMG_20190705_131913.jpg,4leaf,0.48,0.64,,,0.53,0.75,,
TEST,gs://XXX/img/IMG_20190705_131913.jpg,4leaf,0.29,0.37,,,0.40,0.53,,
TRAIN,gs://XXX/img/IMG_20190705_131933.jpg,4leaf,0.40,0.40,,,0.48,0.55,,
TRAIN,gs://XXX/img/IMG_20190708_130828.jpg,4leaf,0.51,0.47,,,0.57,0.57,,
VALIDATION,gs://XXX/img/IMG_20190708_130910.jpg,4leaf,0.69,0.50,,,0.82,0.59,,
TRAIN,gs://XXX/img/IMG_20190708_131630.jpg,4leaf,0.46,0.58,,,0.58,0.66,,
TRAIN,gs://XXX/img/IMG_20190708_131642.jpg,4leaf,0.41,0.50,,,0.56,0.59,,
TRAIN,gs://XXX/img/IMG_20190708_131701.jpg,4leaf,0.49,0.31,,,0.65,0.41,,
TRAIN,gs://XXX/img/IMG_20190708_131719.jpg,4leaf,0.43,0.47,,,0.56,0.55,,
TRAIN,gs://XXX/img/IMG_20190708_131802.jpg,4leaf,0.46,0.51,,,0.53,0.63,,
TEST,gs://XXX/img/IMG_20190709_130748.jpg,4leaf,0.52,0.47,,,0.60,0.61,,
TRAIN,gs://XXX/img/IMG_20190709_130756.jpg,4leaf,0.57,0.45,,,0.67,0.63,,
VALIDATION,gs://XXX/img/IMG_20190709_130814.jpg,4leaf,0.44,0.43,,,0.62,0.52,,
TRAIN,gs://XXX/img/IMG_20190709_130822.jpg,4leaf,0.39,0.35,,,0.54,0.44,,
TRAIN,gs://XXX/img/IMG_20190709_130831.jpg,4leaf,0.37,0.34,,,0.54,0.43,,
TRAIN,gs://XXX/img/IMG_20190709_130840.jpg,4leaf,0.47,0.38,,,0.64,0.47,,
TRAIN,gs://XXX/img/IMG_20190710_131147.jpg,4leaf,0.60,0.54,,,0.69,0.68,,
TRAIN,gs://XXX/img/IMG_20190710_131157.jpg,4leaf,0.37,0.36,,,0.53,0.46,,
TRAIN,gs://XXX/img/IMG_20190710_131224.jpg,4leaf,0.48,0.36,,,0.58,0.54,,
TEST,gs://XXX/img/IMG_20190710_131245.jpg,4leaf,0.30,0.38,,,0.40,0.55,,
VALIDATION,gs://XXX/img/IMG_20190710_131245.jpg,4leaf,0.11,0.37,,,0.17,0.51,,
TRAIN,gs://XXX/img/IMG_20190710_131300.jpg,4leaf,0.39,0.39,,,0.46,0.53,,
TRAIN,gs://XXX/img/IMG_20190710_131300.jpg,4leaf,0.67,0.45,,,0.77,0.63,,
TRAIN,gs://XXX/img/IMG_20190711_130007.jpg,4leaf,0.42,0.44,,,0.70,0.63,,
TRAIN,gs://XXX/img/IMG_20190711_130746.jpg,4leaf,0.41,0.56,,,0.54,0.64,,
TRAIN,gs://XXX/img/IMG_20190711_130806.jpg,4leaf,0.22,0.47,,,0.38,0.56,,
TRAIN,gs://XXX/img/IMG_20190711_130829.jpg,4leaf,0.39,0.33,,,0.54,0.55,,
TRAIN,gs://XXX/img/IMG_20190711_130842.jpg,4leaf,0.42,0.59,,,0.53,0.77,,
VALIDATION,gs://XXX/img/IMG_20190711_130906.jpg,4leaf,0.35,0.47,,,0.48,0.68,,
TRAIN,gs://XXX/img/IMG_20190718_131032.jpg,4leaf,0.41,0.43,,,0.59,0.53,,
TRAIN,gs://XXX/img/IMG_20190718_131048.jpg,4leaf,0.36,0.48,,,0.51,0.57,,
TRAIN,gs://XXX/img/IMG_20190718_131127.jpg,4leaf,0.41,0.48,,,0.60,0.63,,
TRAIN,gs://XXX/img/IMG_20190718_131152.jpg,4leaf,0.37,0.46,,,0.55,0.57,,
TRAIN,gs://XXX/img/IMG_20190718_131152.jpg,4leaf,0.29,0.32,,,0.47,0.42,,
TRAIN,gs://XXX/img/IMG_20190718_131207.jpg,4leaf,0.47,0.43,,,0.65,0.55,,
TRAIN,gs://XXX/img/IMG_20190719_125507.jpg,4leaf,0.35,0.54,,,0.50,0.63,,
VALIDATION,gs://XXX/img/IMG_20190719_125530.jpg,4leaf,0.41,0.38,,,0.60,0.49,,
TEST,gs://XXX/img/IMG_20190722_125632.jpg,4leaf,0.38,0.44,,,0.57,0.54,,
TRAIN,gs://XXX/img/IMG_20190723_130200.jpg,4leaf,0.59,0.38,,,0.68,0.54,,
TRAIN,gs://XXX/img/IMG_20190723_130213.jpg,4leaf,0.46,0.52,,,0.59,0.60,,
TRAIN,gs://XXX/img/IMG_20190723_130228.jpg,4leaf,0.39,0.49,,,0.48,0.59,,
TRAIN,gs://XXX/img/IMG_20190724_130442.jpg,4leaf,0.33,0.47,,,0.52,0.58,,
TRAIN,gs://XXX/img/IMG_20190724_130501.jpg,4leaf,0.49,0.42,,,0.57,0.54,,
TRAIN,gs://XXX/img/IMG_20190724_130540.jpg,4leaf,0.45,0.35,,,0.63,0.43,,
VALIDATION,gs://XXX/img/IMG_20190725_130224.jpg,4leaf,0.53,0.50,,,0.64,0.58,,
TRAIN,gs://XXX/img/IMG_20190725_130239.jpg,4leaf,0.46,0.40,,,0.61,0.50,,
TEST,gs://XXX/img/IMG_20190726_125607.jpg,4leaf,0.40,0.36,,,0.50,0.54,,
TRAIN,gs://XXX/img/IMG_20190726_125659.jpg,4leaf,0.41,0.40,,,0.59,0.51,,
